id_estudiante,dni,apellido,nombre,anio_actual,division,turno,activo,observaciones,orientacion,egresado,anio_egreso,ciclo_egreso,fecha_pase_egresados
3C-00001,44920220,Rodríguez,Facundo,3,C,tarde,True,,,,,,
5D-00002,42703650,Alonso,Mateo,5,D,tarde,True,,Naturales,,,,
3B-00003,47441784,Gómez,Joaquín,3,B,tarde,True,,,,,,
6B-00004,42690057,Torres,Nicolás,6,B,mañana,True,,Sociales,,,,
2A-00005,44931100,Ruiz,Laura,2,A,tarde,True,,,,,,
1D-00006,51378345,Blanco,Mateo,1,D,mañana,True,,,,,,
3A-00007,47231517,Blanco,Pedro,3,A,mañana,True,,,,,,
4A-00008,52775689,Romero,Valentina,4,A,mañana,True,,Naturales,,,,
5A-00009,53997733,Alvarez,Lucas,5,A,tarde,True,,Naturales,,,,
1A-00010,52977013,Alonso,Facundo,1,A,mañana,True,,,,,,
2A-00011,45147063,Alvarez,Carlos,2,A,mañana,True,,,,,,
2C-00012,43464217,García,Mateo,2,C,mañana,True,,,,,,
3B-00013,53260914,Rodríguez,Mateo,3,B,mañana,True,,,,,,
1B-00014,59319525,Díaz,Martina,1,B,tarde,True,,,,,,
4A-00015,50578943,Pérez,Mateo,4,A,tarde,True,,Naturales,,,,
6A-00016,42880918,Sánchez,Martina,6,A,tarde,True,,Sociales,,,,
5A-00017,40172768,Cruz,Sofía,5,A,tarde,True,,Sociales,,,,
6C-00018,52374784,Ruiz,Luis,6,C,tarde,True,,Naturales,,,,
2C-00019,52069146,Rodríguez,Martina,2,C,mañana,True,,,,,,
1B-00020,59869244,Gómez,Laura,1,B,tarde,True,,,,,,
4D-00021,48143235,Blanco,María,4,D,mañana,True,,Sociales,,,,
4B-00022,41005196,García,Sofía,4,B,tarde,True,,Sociales,,,,
4B-00023,50152930,Ramírez,Sofía,4,B,tarde,True,,Naturales,,,,
1A-00024,48595301,Gómez,Lucía,1,A,mañana,True,,,,,,
2B-00025,42698783,Domínguez,Sofía,2,B,tarde,True,,,,,,
2D-00026,47536478,Ramírez,Valentina,2,D,tarde,True,,,,,,
4B-00027,55288243,Blanco,Luis,4,B,tarde,True,,Sociales,,,,
2B-00028,58672764,Alonso,Sofía,2,B,tarde,True,,,,,,
2D-00029,46179814,Ramírez,Sofía,2,D,tarde,True,,,,,,
3A-00030,48851374,Martínez,Juan,3,A,mañana,True,,,,,,
1A-00031,46051776,Rodríguez,Laura,1,A,mañana,True,,,,,,
2C-00032,51106367,Fernández,Pedro,2,C,tarde,True,,,,,,
5A-00033,54368000,López,Mateo,5,A,mañana,True,,Sociales,,,,
4C-00034,42308991,Cruz,Martina,4,C,tarde,True,,Sociales,,,,
2B-00035,49874659,García,Lucía,2,B,tarde,True,,,,,,
5A-00036,49644280,Blanco,Sofía,5,A,mañana,True,,Sociales,,,,
3A-00037,58487233,Martínez,Diego,3,A,mañana,True,,,,,,
5B-00038,48815006,Ruiz,Diego,5,B,tarde,True,,Naturales,,,,
5A-00039,58627857,Ramírez,María,5,A,tarde,True,,Sociales,,,,
3D-00040,59227342,Domínguez,Pedro,3,D,tarde,True,,,,,,
5C-00041,43807729,Martínez,Sofía,5,C,tarde,True,,Sociales,,,,
5C-00042,55947125,Sánchez,Valentina,5,C,mañana,True,,Naturales,,,,
6A-00043,53568251,Vázquez,Luis,6,A,tarde,True,,Naturales,,,,
3C-00044,46893935,Díaz,Facundo,3,C,mañana,True,,,,,,
5C-00045,51586529,Pérez,Lucas,5,C,mañana,True,,Naturales,,,,
6C-00046,55336688,Alonso,Lucía,6,C,tarde,True,,Naturales,,,,
2C-00047,50599782,Rodríguez,Ana,2,C,mañana,True,,,,,,
5C-00048,47964166,García,Mateo,5,C,tarde,True,,Sociales,,,,
2D-00049,58547157,Rodríguez,María,2,D,mañana,True,,,,,,
5D-00050,45240458,Ruiz,Facundo,5,D,mañana,True,,Naturales,,,,
4B-00051,53222429,Romero,Sofía,4,B,mañana,True,,Sociales,,,,
5D-00052,40963526,Ramírez,Nicolás,5,D,tarde,True,,Naturales,,,,
1C-00053,43303161,López,Lucas,1,C,tarde,True,,,,,,
6C-00054,51622464,Pérez,Sofía,6,C,mañana,True,,Naturales,,,,
5B-00055,41141383,Gómez,Diego,5,B,mañana,True,,Naturales,,,,
2D-00056,45413211,Rodríguez,Julieta,2,D,mañana,True,,,,,,
6B-00057,57876846,Díaz,Valentina,6,B,mañana,True,,Sociales,,,,
5A-00058,43298964,Blanco,Pedro,5,A,mañana,True,,Naturales,,,,
3D-00059,41859538,García,Lucas,3,D,mañana,True,,,,,,
2A-00060,56478119,Fernández,Joaquín,2,A,tarde,True,,,,,,
3D-00061,56993433,Vázquez,Ana,3,D,tarde,True,,,,,,
2C-00062,58482306,Romero,Carlos,2,C,tarde,True,,,,,,
1C-00063,50327381,González,Juan,1,C,tarde,True,,,,,,
6B-00064,45690040,Díaz,Lucas,6,B,tarde,True,,Naturales,,,,
1B-00065,52879976,Vázquez,Lucía,1,B,tarde,True,,,,,,
3D-00066,50860312,Blanco,Mía,3,D,tarde,True,,,,,,
2D-00067,46069264,Ramírez,Lucía,2,D,tarde,True,,,,,,
3C-00068,55979743,Díaz,Lucas,3,C,mañana,True,,,,,,
6A-00069,55383417,Pérez,Juan,6,A,mañana,True,,Sociales,,,,
5B-00070,41904384,Rodríguez,Julieta,5,B,tarde,True,,Sociales,,,,
3B-00071,42185741,Fernández,Luis,3,B,mañana,True,,,,,,
4A-00072,52042351,Cruz,Valentina,4,A,tarde,True,,Naturales,,,,
2D-00073,48920214,Sánchez,Pedro,2,D,mañana,True,,,,,,
6D-00074,50267229,Fernández,Nicolás,6,D,mañana,True,,Sociales,,,,
2D-00075,58248796,Pérez,Joaquín,2,D,tarde,True,,,,,,
2D-00076,56536665,Fernández,Valentina,2,D,mañana,True,,,,,,
1B-00077,58791311,Ruiz,Julieta,1,B,tarde,True,,,,,,
4B-00078,59146041,Domínguez,Martina,4,B,tarde,True,,Naturales,,,,
5B-00079,55922793,Rodríguez,Juan,5,B,tarde,True,,Naturales,,,,
6A-00080,54396199,Domínguez,Juan,6,A,tarde,True,,Sociales,,,,
6A-00081,47973423,Vázquez,Julieta,6,A,mañana,True,,Naturales,,,,
6C-00082,52404126,Fernández,Juan,6,C,mañana,True,,Naturales,,,,
3D-00083,45919853,Torres,Sofía,3,D,mañana,True,,,,,,
2B-00084,43744241,Martínez,Valentina,2,B,mañana,True,,,,,,
1B-00085,43850770,Sánchez,Carlos,1,B,mañana,True,,,,,,
6C-00086,40336105,Blanco,Lucía,6,C,tarde,True,,Sociales,,,,
6B-00087,58373997,Martínez,Facundo,6,B,tarde,True,,Naturales,,,,
3B-00088,54321130,Torres,Nicolás,3,B,tarde,True,,,,,,
1D-00089,40360313,Domínguez,Nicolás,1,D,tarde,True,,,,,,
6B-00090,46216499,Díaz,Pedro,6,B,mañana,True,,Naturales,,,,
3A-00091,58437747,García,Julieta,3,A,mañana,True,,,,,,
4B-00092,40329345,Alonso,Ana,4,B,mañana,True,,Sociales,,,,
6B-00093,45649829,Díaz,Sofía,6,B,tarde,True,,Naturales,,,,
3D-00094,42162223,Vázquez,Joaquín,3,D,tarde,True,,,,,,
6C-00095,56063469,López,Diego,6,C,tarde,True,,Sociales,,,,
6B-00096,58374181,Rodríguez,Mía,6,B,tarde,True,,Naturales,,,,
2B-00097,52180390,López,Luis,2,B,mañana,True,,,,,,
1D-00098,42736835,Vázquez,Camila,1,D,tarde,True,,,,,,
2C-00099,42177102,Sánchez,Sofía,2,C,mañana,True,,,,,,
3B-00100,50163084,Alonso,Luis,3,B,mañana,True,,,,,,
5A-00101,57669816,Alvarez,Diego,5,A,mañana,True,,Naturales,,,,
4D-00102,45666088,Torres,Mateo,4,D,mañana,True,,Naturales,,,,
5A-00103,49691577,Ramírez,Ana,5,A,mañana,True,,Naturales,,,,
6B-00104,43258882,Alvarez,Martina,6,B,mañana,True,,Naturales,,,,
5C-00105,44666545,García,Pedro,5,C,tarde,True,,Naturales,,,,
6D-00106,45989139,Ruiz,Mateo,6,D,tarde,True,,Naturales,,,,
5D-00107,59712341,Díaz,Ana,5,D,tarde,True,,Sociales,,,,
5D-00108,47873762,Rodríguez,Ana,5,D,tarde,True,,Sociales,,,,
2D-00109,42259475,Gómez,Joaquín,2,D,tarde,True,,,,,,
3B-00110,47640721,Ramírez,Valentina,3,B,mañana,True,,,,,,
1D-00111,49591773,Díaz,Valentina,1,D,tarde,True,,,,,,
6D-00112,56451224,Domínguez,Martina,6,D,mañana,True,,Sociales,,,,
3C-00113,46023409,Díaz,Pedro,3,C,tarde,True,,,,,,
2B-00114,52805451,Blanco,Mateo,2,B,tarde,True,,,,,,
3B-00115,42342548,Alvarez,Luis,3,B,mañana,True,,,,,,
2B-00116,45487636,Martínez,Julieta,2,B,mañana,True,,,,,,
3D-00117,57497194,Alvarez,Lucía,3,D,tarde,True,,,,,,
1A-00118,42968220,Pérez,Diego,1,A,tarde,True,,,,,,
5A-00119,46633912,Ruiz,Ana,5,A,mañana,True,,Naturales,,,,
3A-00120,41527235,López,Lucas,3,A,tarde,True,,,,,,
2A-00121,40628053,Cruz,Valentina,2,A,tarde,True,,,,,,
5A-00122,43362645,Torres,Carlos,5,A,mañana,True,,Sociales,,,,
1A-00123,53898770,Alonso,Camila,1,A,mañana,True,,,,,,
2B-00124,44352039,Fernández,Lucía,2,B,tarde,True,,,,,,
3C-00125,42185726,Blanco,Pedro,3,C,mañana,True,,,,,,
3D-00126,54346416,Ruiz,Ana,3,D,mañana,True,,,,,,
4B-00127,47826031,Rodríguez,Luis,4,B,mañana,True,,Naturales,,,,
3B-00128,53751179,Vázquez,Facundo,3,B,tarde,True,,,,,,
5C-00129,44891022,López,María,5,C,tarde,True,,Naturales,,,,
1A-00130,54371429,Rodríguez,Luis,1,A,mañana,True,,,,,,
1D-00131,46685722,Ruiz,Nicolás,1,D,tarde,True,,,,,,
4D-00132,44837577,Fernández,Carlos,4,D,tarde,True,,Sociales,,,,
3A-00133,57436076,Vázquez,Mateo,3,A,tarde,True,,,,,,
3A-00134,46741159,Ruiz,María,3,A,mañana,True,,,,,,
4D-00135,47021670,Alonso,Juan,4,D,mañana,True,,Naturales,,,,
6D-00136,59536485,Pérez,Mateo,6,D,mañana,True,,Sociales,,,,
5A-00137,59435608,Torres,Joaquín,5,A,tarde,True,,Sociales,,,,
2B-00138,56542644,Ruiz,Lucía,2,B,mañana,True,,,,,,
4A-00139,54737113,Romero,Facundo,4,A,mañana,True,,Naturales,,,,
1A-00140,57985465,Martínez,Nicolás,1,A,mañana,True,,,,,,
6A-00141,52887080,Pérez,Valentina,6,A,tarde,True,,Sociales,,,,
1A-00142,46600909,Vázquez,Sofía,1,A,tarde,True,,,,,,
4B-00143,52505814,Pérez,Valentina,4,B,tarde,True,,Sociales,,,,
3B-00144,56532894,González,Facundo,3,B,mañana,True,,,,,,
3C-00145,46222419,García,Juan,3,C,tarde,True,,,,,,
6D-00146,42521034,Pérez,Ana,6,D,tarde,True,,Sociales,,,,
2C-00147,57913535,Alvarez,Juan,2,C,tarde,True,,,,,,
3D-00148,42826214,Domínguez,Lucía,3,D,tarde,True,,,,,,
6D-00149,47981394,Rodríguez,Ana,6,D,tarde,True,,Naturales,,,,
1A-00150,49357232,Rodríguez,Lucía,1,A,tarde,True,,,,,,
2B-00151,58415513,Sánchez,Laura,2,B,tarde,True,,,,,,
4B-00152,53474606,Ramírez,Camila,4,B,mañana,True,,Naturales,,,,
5C-00153,58120949,Ruiz,Mía,5,C,tarde,True,,Naturales,,,,
6C-00154,44391588,López,Lucía,6,C,mañana,True,,Sociales,,,,
1B-00155,57122267,Rodríguez,Lucas,1,B,mañana,True,,,,,,
5C-00156,46956201,Fernández,Carlos,5,C,tarde,True,,Sociales,,,,
4B-00157,58898856,Torres,Nicolás,4,B,tarde,True,,Sociales,,,,
6A-00158,58877145,González,Juan,6,A,mañana,True,,Naturales,,,,
1C-00159,53395670,Ramírez,Ana,1,C,tarde,True,,,,,,
3B-00160,50856912,Domínguez,Camila,3,B,mañana,True,,,,,,
2C-00161,50745020,Fernández,Diego,2,C,mañana,True,,,,,,
2B-00162,41776982,García,Mateo,2,B,mañana,True,,,,,,
2B-00163,40431561,Martínez,Carlos,2,B,tarde,True,,,,,,
6C-00164,43697371,Ramírez,Luis,6,C,mañana,True,,Sociales,,,,
1C-00165,44219378,Martínez,Lucía,1,C,tarde,True,,,,,,
3D-00166,49174994,Rodríguez,Sofía,3,D,tarde,True,,,,,,
5D-00167,46691689,Torres,Carlos,5,D,tarde,True,,Sociales,,,,
1D-00168,55503247,Gómez,Facundo,1,D,mañana,True,,,,,,
5C-00169,40293502,Alvarez,Camila,5,C,tarde,True,,Naturales,,,,
2A-00170,41571935,Blanco,Ana,2,A,mañana,True,,,,,,
6A-00171,41738785,Díaz,Luis,6,A,tarde,True,,Naturales,,,,
1B-00172,58516355,Torres,María,1,B,tarde,True,,,,,,
5D-00173,48482075,González,Mía,5,D,tarde,True,,Naturales,,,,
1B-00174,48699661,López,María,1,B,mañana,True,,,,,,
4C-00175,48734983,Blanco,Carlos,4,C,mañana,True,,Naturales,,,,
1C-00176,52220023,Torres,Nicolás,1,C,mañana,True,,,,,,
5C-00177,40283211,Domínguez,Nicolás,5,C,mañana,True,,Naturales,,,,
3C-00178,52233392,Cruz,Valentina,3,C,tarde,True,,,,,,
4D-00179,42002788,Sánchez,Nicolás,4,D,mañana,True,,Sociales,,,,
1D-00180,49753536,Rodríguez,Sofía,1,D,mañana,True,,,,,,
5C-00181,51971814,Pérez,Diego,5,C,mañana,True,,Naturales,,,,
3D-00182,52120278,Martínez,Luis,3,D,mañana,True,,,,,,
3A-00183,56733209,Alonso,Facundo,3,A,mañana,True,,,,,,
3B-00184,46404839,González,Martina,3,B,tarde,True,,,,,,
4D-00185,44046722,Vázquez,Luis,4,D,mañana,True,,Sociales,,,,
5D-00186,57722006,Blanco,Facundo,5,D,mañana,True,,Sociales,,,,
4C-00187,43180408,Alonso,Martina,4,C,tarde,True,,Naturales,,,,
1B-00188,44027097,Domínguez,Nicolás,1,B,mañana,True,,,,,,
5C-00189,48641959,Rodríguez,Joaquín,5,C,mañana,True,,Sociales,,,,
5A-00190,49252501,Rodríguez,Juan,5,A,tarde,True,,Sociales,,,,
5A-00191,50581971,López,Julieta,5,A,tarde,True,,Naturales,,,,
1D-00192,44046052,Pérez,Luis,1,D,tarde,True,,,,,,
4D-00193,42231451,Cruz,Luis,4,D,mañana,True,,Sociales,,,,
1B-00194,44033698,Alvarez,Luis,1,B,tarde,True,,,,,,
6C-00195,48727591,Gómez,Valentina,6,C,mañana,True,,Naturales,,,,
5A-00196,59964041,Romero,Ana,5,A,mañana,True,,Naturales,,,,
2B-00197,45156134,Sánchez,Julieta,2,B,mañana,True,,,,,,
6A-00198,47386731,Domínguez,Mateo,6,A,mañana,True,,Naturales,,,,
6A-00199,46920656,Díaz,Diego,6,A,mañana,True,,Naturales,,,,
6D-00200,52554492,Romero,Joaquín,6,D,mañana,True,,Naturales,,,,
3D-00201,43961196,López,Valentina,3,D,tarde,True,,,,,,
4A-00202,54239243,Pérez,Facundo,4,A,mañana,True,,Sociales,,,,
6C-00203,56840576,Alonso,Camila,6,C,mañana,True,,Naturales,,,,
4C-00204,45869825,Fernández,Ana,4,C,tarde,True,,Naturales,,,,
3C-00205,58817500,Sánchez,Ana,3,C,tarde,True,,,,,,
6A-00206,57181504,González,Valentina,6,A,tarde,True,,Sociales,,,,
1A-00207,52190832,Ruiz,Pedro,1,A,tarde,True,,,,,,
6B-00208,49424739,Fernández,Mía,6,B,tarde,True,,Naturales,,,,
6A-00209,45472798,Pérez,Laura,6,A,tarde,True,,Sociales,,,,
2A-00210,42707052,Fernández,Sofía,2,A,tarde,True,,,,,,
1C-00211,41445884,Pérez,Pedro,1,C,mañana,True,,,,,,
4C-00212,42590964,Pérez,Valentina,4,C,tarde,True,,Naturales,,,,
4B-00213,50074536,Vázquez,Mateo,4,B,mañana,True,,Sociales,,,,
4B-00214,54613893,Ruiz,Carlos,4,B,mañana,True,,Naturales,,,,
3D-00215,42831671,Vázquez,Julieta,3,D,mañana,True,,,,,,
3C-00216,44532197,Pérez,Julieta,3,C,mañana,True,,,,,,
3C-00217,51033025,Díaz,Lucía,3,C,mañana,True,,,,,,
2A-00218,56569081,Vázquez,Mía,2,A,tarde,True,,,,,,
5C-00219,56110148,Torres,Mía,5,C,tarde,True,,Sociales,,,,
2C-00220,46018349,Alvarez,Lucía,2,C,mañana,True,,,,,,
5A-00221,59212564,Blanco,Sofía,5,A,mañana,True,,Naturales,,,,
2B-00222,54894067,Fernández,Lucas,2,B,mañana,True,,,,,,
5C-00223,54436829,Martínez,María,5,C,tarde,True,,Sociales,,,,
5C-00224,56582985,González,Mía,5,C,tarde,True,,Naturales,,,,
4B-00225,47790578,Rodríguez,Camila,4,B,tarde,True,,Sociales,,,,
1D-00226,44591980,Torres,Mateo,1,D,mañana,True,,,,,,
2C-00227,54487372,Domínguez,Martina,2,C,mañana,True,,,,,,
1B-00228,52711469,Romero,Julieta,1,B,tarde,True,,,,,,
4A-00229,56319081,Gómez,Nicolás,4,A,tarde,True,,Naturales,,,,
1A-00230,48219499,Pérez,Juan,1,A,tarde,True,,,,,,
2C-00231,42282179,Gómez,Sofía,2,C,mañana,True,,,,,,
6A-00232,51095657,Alonso,Joaquín,6,A,tarde,True,,Sociales,,,,
3C-00233,45449387,Cruz,Nicolás,3,C,tarde,True,,,,,,
4B-00234,57862117,Cruz,Lucía,4,B,mañana,True,,Naturales,,,,
2D-00235,54565100,González,Joaquín,2,D,tarde,True,,,,,,
5C-00236,59120083,Sánchez,Valentina,5,C,mañana,True,,Naturales,,,,
1C-00237,54631376,Sánchez,Laura,1,C,tarde,True,,,,,,
5D-00238,49477253,Fernández,Laura,5,D,tarde,True,,Naturales,,,,
4D-00239,48374316,Fernández,Carlos,4,D,tarde,True,,Naturales,,,,
6B-00240,44086956,Alonso,Sofía,6,B,mañana,True,,Sociales,,,,
5A-00241,49179818,Domínguez,Juan,5,A,mañana,True,,Sociales,,,,
5B-00242,51182958,Ruiz,Mateo,5,B,mañana,True,,Naturales,,,,
2B-00243,57416733,Ruiz,Carlos,2,B,tarde,True,,,,,,
1B-00244,46845164,González,Lucía,1,B,mañana,True,,,,,,
1D-00245,57904920,Martínez,Martina,1,D,tarde,True,,,,,,
6D-00246,40176601,Ruiz,Camila,6,D,tarde,True,,Naturales,,,,
1A-00247,58477205,Gómez,Mateo,1,A,mañana,True,,,,,,
4B-00248,40986870,González,Luis,4,B,tarde,True,,Naturales,,,,
5C-00249,47104519,Pérez,Laura,5,C,tarde,True,,Naturales,,,,
1A-00250,40731725,García,Diego,1,A,mañana,True,,,,,,
2C-00251,51582054,Blanco,Pedro,2,C,tarde,True,,,,,,
4C-00252,49414529,Vázquez,Pedro,4,C,mañana,True,,Sociales,,,,
6D-00253,54895901,López,Nicolás,6,D,mañana,True,,Sociales,,,,
6C-00254,53390397,Alvarez,Martina,6,C,tarde,True,,Naturales,,,,
5C-00255,49907749,Blanco,Sofía,5,C,tarde,True,,Sociales,,,,
6C-00256,58262643,Pérez,Facundo,6,C,tarde,True,,Naturales,,,,
2D-00257,58649217,Romero,María,2,D,mañana,True,,,,,,
5C-00258,55673618,Díaz,Nicolás,5,C,tarde,True,,Sociales,,,,
6B-00259,41498555,Díaz,Laura,6,B,tarde,True,,Naturales,,,,
4A-00260,40060819,González,Valentina,4,A,mañana,True,,Naturales,,,,
2B-00261,55368288,Alvarez,Martina,2,B,tarde,True,,,,,,
2B-00262,51448075,Rodríguez,Nicolás,2,B,tarde,True,,,,,,
3C-00263,52941346,Torres,Ana,3,C,mañana,True,,,,,,
2A-00264,57642350,Cruz,Nicolás,2,A,tarde,True,,,,,,
1D-00265,52287859,Rodríguez,Laura,1,D,mañana,True,,,,,,
2D-00266,40375282,Ramírez,Nicolás,2,D,tarde,True,,,,,,
4B-00267,47480111,Cruz,Laura,4,B,tarde,True,,Naturales,,,,
4A-00268,48071294,González,Juan,4,A,tarde,True,,Sociales,,,,
3D-00269,55102906,Vázquez,Juan,3,D,mañana,True,,,,,,
5B-00270,45738869,Rodríguez,Diego,5,B,tarde,True,,Sociales,,,,
2A-00271,42045545,Fernández,Sofía,2,A,mañana,True,,,,,,
5A-00272,46433749,González,Sofía,5,A,mañana,True,,Naturales,,,,
3D-00273,45284572,Vázquez,Joaquín,3,D,mañana,True,,,,,,
4D-00274,43159318,Domínguez,Lucas,4,D,tarde,True,,Sociales,,,,
6B-00275,44522081,Pérez,Laura,6,B,tarde,True,,Naturales,,,,
6B-00276,57043622,López,Martina,6,B,tarde,True,,Sociales,,,,
3C-00277,55573107,Sánchez,Lucía,3,C,tarde,True,,,,,,
6B-00278,43948635,Gómez,Lucas,6,B,mañana,True,,Sociales,,,,
3C-00279,52997331,Rodríguez,Pedro,3,C,mañana,True,,,,,,
5D-00280,52489466,Rodríguez,Facundo,5,D,mañana,True,,Sociales,,,,
5A-00281,56127518,Sánchez,Sofía,5,A,mañana,True,,Sociales,,,,
5D-00282,54803965,Ruiz,Joaquín,5,D,tarde,True,,Naturales,,,,
1C-00283,53992872,Fernández,Mateo,1,C,mañana,True,,,,,,
3B-00284,44488473,Cruz,Diego,3,B,tarde,True,,,,,,
4D-00285,58673864,Martínez,Lucía,4,D,tarde,True,,Sociales,,,,
5B-00286,48563836,Rodríguez,Sofía,5,B,mañana,True,,Naturales,,,,
6C-00287,56169541,Pérez,Juan,6,C,tarde,True,,Naturales,,,,
2D-00288,57104702,Ramírez,Laura,2,D,mañana,True,,,,,,
4D-00289,45262344,Alonso,María,4,D,mañana,True,,Sociales,,,,
3B-00290,59880247,Alonso,Mía,3,B,tarde,True,,,,,,
5C-00291,41100924,Alonso,Lucas,5,C,tarde,True,,Naturales,,,,
6A-00292,48322876,López,María,6,A,tarde,True,,Sociales,,,,
1A-00293,41204341,Ruiz,Pedro,1,A,tarde,True,,,,,,
1D-00294,52899258,Díaz,Joaquín,1,D,mañana,True,,,,,,
1C-00295,45646124,Domínguez,Carlos,1,C,tarde,True,,,,,,
2C-00296,44784083,Fernández,Nicolás,2,C,tarde,True,,,,,,
3C-00297,54425976,Pérez,Pedro,3,C,mañana,True,,,,,,
2B-00298,55238593,Ramírez,Nicolás,2,B,mañana,True,,,,,,
4C-00299,44860118,Fernández,Nicolás,4,C,mañana,True,,Sociales,,,,
3C-00300,58582809,González,Facundo,3,C,mañana,True,,,,,,
6A-00301,57653739,Vázquez,Julieta,6,A,mañana,True,,Naturales,,,,
4D-00302,41036652,Ramírez,Lucas,4,D,mañana,True,,Sociales,,,,
5C-00303,58809681,Torres,Carlos,5,C,tarde,True,,Naturales,,,,
4B-00304,48819707,Torres,Facundo,4,B,mañana,True,,Naturales,,,,
3B-00305,55941294,Pérez,Mateo,3,B,mañana,True,,,,,,
5C-00306,47708120,Vázquez,Carlos,5,C,tarde,True,,Sociales,,,,
1A-00307,52070336,Pérez,Martina,1,A,tarde,True,,,,,,
3D-00308,47991480,Díaz,Martina,3,D,tarde,True,,,,,,
5A-00309,59979163,Ramírez,Diego,5,A,mañana,True,,Sociales,,,,
2C-00310,47364546,López,Julieta,2,C,mañana,True,,,,,,
1A-00311,47802406,Vázquez,Camila,1,A,tarde,True,,,,,,
5B-00312,43437016,García,Mateo,5,B,mañana,True,,Naturales,,,,
6D-00313,51533402,Alvarez,Valentina,6,D,mañana,True,,Naturales,,,,
5D-00314,51303456,Alonso,Camila,5,D,mañana,True,,Sociales,,,,
3D-00315,43018804,Vázquez,Lucas,3,D,tarde,True,,,,,,
3D-00316,58598335,López,Ana,3,D,tarde,True,,,,,,
3A-00317,57718412,Fernández,Camila,3,A,tarde,True,,,,,,
3C-00318,48653057,Gómez,Laura,3,C,tarde,True,,,,,,
2D-00319,49761094,Pérez,Joaquín,2,D,mañana,True,,,,,,
3A-00320,54150922,González,Carlos,3,A,mañana,True,,,,,,
1B-00321,55509480,Romero,Julieta,1,B,tarde,True,,,,,,
3A-00322,55783848,Rodríguez,Ana,3,A,mañana,True,,,,,,
5A-00323,48504867,Díaz,Lucía,5,A,tarde,True,,Sociales,,,,
1D-00324,45914210,Alonso,María,1,D,mañana,True,,,,,,
2A-00325,52228470,Ruiz,Julieta,2,A,tarde,True,,,,,,
4D-00326,51297858,Pérez,María,4,D,tarde,True,,Sociales,,,,
2A-00327,55568871,Martínez,Pedro,2,A,mañana,True,,,,,,
1D-00328,56971739,Fernández,Pedro,1,D,tarde,True,,,,,,
1C-00329,55684401,Ramírez,Camila,1,C,mañana,True,,,,,,
5B-00330,50761395,Cruz,Mía,5,B,mañana,True,,Naturales,,,,
2C-00331,47795913,Rodríguez,Julieta,2,C,mañana,True,,,,,,
6D-00332,48610448,Romero,Mateo,6,D,mañana,True,,Naturales,,,,
5C-00333,59796740,Pérez,Facundo,5,C,tarde,True,,Naturales,,,,
5A-00334,55618103,Ruiz,Mía,5,A,tarde,True,,Naturales,,,,
2C-00335,57635468,Pérez,María,2,C,tarde,True,,,,,,
4A-00336,49269232,Alvarez,Valentina,4,A,tarde,True,,Naturales,,,,
1B-00337,55021858,López,Carlos,1,B,mañana,True,,,,,,
5C-00338,56738241,Martínez,Laura,5,C,mañana,True,,Sociales,,,,
5C-00339,54341682,Alvarez,Lucas,5,C,mañana,True,,Sociales,,,,
3D-00340,53113960,Cruz,Mateo,3,D,mañana,True,,,,,,
3D-00341,51061374,Ramírez,Laura,3,D,tarde,True,,,,,,
1B-00342,43409724,Romero,Lucía,1,B,mañana,True,,,,,,
3B-00343,51088763,Ruiz,María,3,B,tarde,True,,,,,,
3D-00344,46063959,Ruiz,Diego,3,D,mañana,True,,,,,,
6B-00345,40953214,López,Julieta,6,B,tarde,True,,Sociales,,,,
6D-00346,45354508,Martínez,Sofía,6,D,tarde,True,,Sociales,,,,
2A-00347,47546885,Martínez,Luis,2,A,tarde,True,,,,,,
4D-00348,51252729,Rodríguez,María,4,D,tarde,True,,Naturales,,,,
1B-00349,53023785,Martínez,Luis,1,B,mañana,True,,,,,,
4D-00350,50663713,Alvarez,Camila,4,D,mañana,True,,Naturales,,,,
4B-00351,42181882,Ruiz,Juan,4,B,mañana,True,,Naturales,,,,
1C-00352,50683133,Domínguez,María,1,C,tarde,True,,,,,,
1B-00353,52315780,López,Pedro,1,B,tarde,True,,,,,,
5D-00354,50584101,Domínguez,Luis,5,D,mañana,True,,Naturales,,,,
2C-00355,56901677,Sánchez,Mateo,2,C,mañana,True,,,,,,
5B-00356,54534281,García,Diego,5,B,mañana,True,,Sociales,,,,
1A-00357,49481160,Cruz,Carlos,1,A,tarde,True,,,,,,
4A-00358,46928361,Martínez,Mateo,4,A,mañana,True,,Naturales,,,,
2A-00359,56954911,Martínez,Nicolás,2,A,mañana,True,,,,,,
3C-00360,57154376,Sánchez,Juan,3,C,mañana,True,,,,,,
2D-00361,59857005,Rodríguez,Laura,2,D,mañana,True,,,,,,
1D-00362,42765443,Domínguez,Carlos,1,D,mañana,True,,,,,,
2A-00363,56690704,Domínguez,Julieta,2,A,mañana,True,,,,,,
1B-00364,44110125,López,Juan,1,B,tarde,True,,,,,,
3B-00365,44166202,Sánchez,Ana,3,B,mañana,True,,,,,,
1B-00366,44657907,Alonso,Facundo,1,B,mañana,True,,,,,,
2A-00367,52931428,Torres,Mía,2,A,tarde,True,,,,,,
5C-00368,46893483,Ramírez,Mía,5,C,tarde,True,,Naturales,,,,
6B-00369,48224304,Pérez,Camila,6,B,mañana,True,,Sociales,,,,
4B-00370,53424690,Ruiz,Camila,4,B,tarde,True,,Sociales,,,,
4D-00371,53893845,Alonso,Nicolás,4,D,mañana,True,,Naturales,,,,
6A-00372,52855927,Sánchez,María,6,A,mañana,True,,Sociales,,,,
6C-00373,52659758,Fernández,Nicolás,6,C,mañana,True,,Sociales,,,,
6A-00374,50335522,Sánchez,Joaquín,6,A,tarde,True,,Naturales,,,,
5A-00375,55336323,Domínguez,Valentina,5,A,tarde,True,,Naturales,,,,
4D-00376,55457268,Ruiz,Lucas,4,D,mañana,True,,Sociales,,,,
2D-00377,45682519,Ramírez,Juan,2,D,mañana,True,,,,,,
6B-00378,58186290,Alonso,Carlos,6,B,mañana,True,,Naturales,,,,
6C-00379,56197059,López,Pedro,6,C,mañana,True,,Sociales,,,,
5A-00380,40158433,Alvarez,Sofía,5,A,tarde,True,,Sociales,,,,
5B-00381,50424340,Fernández,Mía,5,B,tarde,True,,Naturales,,,,
1D-00382,46201420,Díaz,Pedro,1,D,mañana,True,,,,,,
5C-00383,41278108,Torres,Mía,5,C,tarde,True,,Sociales,,,,
5B-00384,47680359,García,Facundo,5,B,tarde,True,,Sociales,,,,
3D-00385,40228966,Díaz,Joaquín,3,D,mañana,True,,,,,,
1D-00386,57115239,Ramírez,Diego,1,D,mañana,True,,,,,,
5C-00387,56563340,Fernández,Lucía,5,C,mañana,True,,Sociales,,,,
3C-00388,41492758,Alonso,Martina,3,C,tarde,True,,,,,,
6D-00389,47661264,Fernández,Martina,6,D,mañana,True,,Naturales,,,,
4D-00390,50949872,Blanco,Laura,4,D,mañana,True,,Naturales,,,,
5D-00391,54682207,Romero,Pedro,5,D,tarde,True,,Naturales,,,,
6D-00392,44308410,Torres,Carlos,6,D,tarde,True,,Naturales,,,,
4B-00393,53450689,González,Ana,4,B,mañana,True,,Naturales,,,,
5B-00394,49461281,Gómez,Facundo,5,B,tarde,True,,Naturales,,,,
2B-00395,40605286,Ruiz,Sofía,2,B,mañana,True,,,,,,
6D-00396,47259633,Ruiz,Juan,6,D,mañana,True,,Sociales,,,,
2B-00397,53285411,Pérez,Valentina,2,B,mañana,True,,,,,,
6C-00398,55918291,Alvarez,Martina,6,C,tarde,True,,Sociales,,,,
4C-00399,47004605,Díaz,Lucía,4,C,tarde,True,,Naturales,,,,
3B-00400,51137441,Vázquez,Juan,3,B,tarde,True,,,,,,
2A-00401,49399006,Alonso,Mateo,2,A,mañana,True,,,,,,
1A-00402,51271735,Sánchez,Joaquín,1,A,tarde,True,,,,,,
1A-00403,44563032,Domínguez,Lucía,1,A,mañana,True,,,,,,
6C-00404,53585808,Alvarez,Julieta,6,C,tarde,True,,Sociales,,,,
4A-00405,53185977,Gómez,Mía,4,A,tarde,True,,Naturales,,,,
1C-00406,50997414,Domínguez,Nicolás,1,C,tarde,True,,,,,,
4C-00407,57067875,Vázquez,María,4,C,tarde,True,,Sociales,,,,
5B-00408,59774859,Rodríguez,Nicolás,5,B,tarde,True,,Naturales,,,,
4C-00409,51577841,Fernández,Nicolás,4,C,mañana,True,,Naturales,,,,
6D-00410,44055349,Domínguez,Luis,6,D,tarde,True,,Sociales,,,,
4C-00411,51378619,López,Mateo,4,C,mañana,True,,Naturales,,,,
4B-00412,43157931,Torres,Carlos,4,B,mañana,True,,Naturales,,,,
3B-00413,55848136,Romero,Julieta,3,B,mañana,True,,,,,,
3D-00414,54326360,Gómez,Mía,3,D,mañana,True,,,,,,
1D-00415,59960304,Blanco,Sofía,1,D,tarde,True,,,,,,
1B-00416,41049875,Ruiz,Carlos,1,B,mañana,True,,,,,,
1D-00417,51668136,González,Martina,1,D,mañana,True,,,,,,
6A-00418,56236976,Alonso,María,6,A,mañana,True,,Naturales,,,,
3B-00419,55101934,Alvarez,Lucía,3,B,tarde,True,,,,,,
3A-00420,52095299,Alvarez,Joaquín,3,A,mañana,True,,,,,,
5A-00421,44192702,Torres,Camila,5,A,mañana,True,,Sociales,,,,
5A-00422,46876838,Domínguez,Lucas,5,A,mañana,True,,Sociales,,,,
1D-00423,47518544,Torres,María,1,D,tarde,True,,,,,,
3A-00424,46527421,Pérez,Juan,3,A,mañana,True,,,,,,
1D-00425,46160083,Sánchez,Juan,1,D,tarde,True,,,,,,
1A-00426,49762840,Torres,Julieta,1,A,mañana,True,,,,,,
1A-00427,55412282,Rodríguez,Lucía,1,A,tarde,True,,,,,,
2C-00428,51161738,Alvarez,Laura,2,C,tarde,True,,,,,,
5D-00429,45938614,Pérez,Facundo,5,D,mañana,True,,Sociales,,,,
2A-00430,52538601,Díaz,Julieta,2,A,mañana,True,,,,,,
3D-00431,45087496,Vázquez,Ana,3,D,mañana,True,,,,,,
5A-00432,58616746,Díaz,Joaquín,5,A,tarde,True,,Naturales,,,,
4D-00433,54566948,Cruz,Diego,4,D,tarde,True,,Naturales,,,,
5D-00434,49826523,Sánchez,Carlos,5,D,mañana,True,,Naturales,,,,
4C-00435,40892669,Gómez,Diego,4,C,tarde,True,,Sociales,,,,
2D-00436,45873971,Fernández,María,2,D,mañana,True,,,,,,
5D-00437,42386688,Pérez,Camila,5,D,tarde,True,,Sociales,,,,
2A-00438,43038298,Gómez,Sofía,2,A,tarde,True,,,,,,
5C-00439,45131950,Domínguez,Facundo,5,C,mañana,True,,Naturales,,,,
1A-00440,50613066,Fernández,Luis,1,A,tarde,True,,,,,,
6B-00441,40501767,Ruiz,María,6,B,mañana,True,,Naturales,,,,
6D-00442,48780249,Ramírez,Pedro,6,D,tarde,True,,Sociales,,,,
1A-00443,53452313,Domínguez,Lucas,1,A,tarde,True,,,,,,
6D-00444,52788307,Alonso,Julieta,6,D,tarde,True,,Naturales,,,,
1A-00445,57732539,Ramírez,Facundo,1,A,tarde,True,,,,,,
4B-00446,44110728,Ruiz,Lucía,4,B,tarde,True,,Naturales,,,,
5D-00447,40198893,García,Mateo,5,D,mañana,True,,Naturales,,,,
3D-00448,50533817,Martínez,Facundo,3,D,tarde,True,,,,,,
2C-00449,59613739,Romero,Martina,2,C,tarde,True,,,,,,
6B-00450,44471135,García,Martina,6,B,tarde,True,,Naturales,,,,
2D-00451,57127907,Vázquez,Mía,2,D,tarde,True,,,,,,
4B-00452,42404371,Torres,Luis,4,B,mañana,True,,Sociales,,,,
5D-00453,54374958,Domínguez,Ana,5,D,tarde,True,,Naturales,,,,
2A-00454,48968488,Pérez,Julieta,2,A,tarde,True,,,,,,
4A-00455,42081461,Blanco,Mía,4,A,tarde,True,,Sociales,,,,
1B-00456,42408229,Vázquez,Camila,1,B,tarde,True,,,,,,
6C-00457,53412453,López,Mía,6,C,tarde,True,,Naturales,,,,
4A-00458,40063919,Martínez,Joaquín,4,A,tarde,True,,Naturales,,,,
3A-00459,43050764,García,Lucas,3,A,tarde,True,,,,,,
3C-00460,55249272,Domínguez,Lucía,3,C,mañana,True,,,,,,
2D-00461,59334917,Díaz,Mateo,2,D,mañana,True,,,,,,
3B-00462,43590128,Díaz,Sofía,3,B,tarde,True,,,,,,
3A-00463,43313419,Gómez,Martina,3,A,mañana,True,,,,,,
3D-00464,54433260,Ramírez,Facundo,3,D,mañana,True,,,,,,
6A-00465,40740061,Domínguez,Laura,6,A,tarde,True,,Naturales,,,,
6C-00466,49079446,García,Joaquín,6,C,tarde,True,,Sociales,,,,
4D-00467,49437045,García,Julieta,4,D,tarde,True,,Sociales,,,,
4A-00468,48588233,Romero,Diego,4,A,tarde,True,,Naturales,,,,
6C-00469,54661992,Blanco,Pedro,6,C,tarde,True,,Sociales,,,,
1D-00470,58492576,González,Martina,1,D,tarde,True,,,,,,
4A-00471,46709931,Fernández,Camila,4,A,mañana,True,,Naturales,,,,
5A-00472,44613812,Torres,Laura,5,A,tarde,True,,Sociales,,,,
1A-00473,55356920,Gómez,María,1,A,tarde,True,,,,,,
3D-00474,44011053,Blanco,Camila,3,D,tarde,True,,,,,,
4A-00475,48735347,Ruiz,Ana,4,A,mañana,True,,Naturales,,,,
5C-00476,58262974,Vázquez,Ana,5,C,tarde,True,,Sociales,,,,
5C-00477,46524491,Alonso,Juan,5,C,tarde,True,,Naturales,,,,
3C-00478,51291581,Alonso,Diego,3,C,mañana,True,,,,,,
6D-00479,46829204,Domínguez,Mateo,6,D,mañana,True,,Sociales,,,,
3D-00480,57846906,López,Juan,3,D,mañana,True,,,,,,
4C-00481,50219988,Sánchez,Luis,4,C,tarde,True,,Naturales,,,,
5B-00482,58145881,Sánchez,Julieta,5,B,tarde,True,,Sociales,,,,
5C-00483,49428681,Vázquez,Camila,5,C,tarde,True,,Sociales,,,,
1D-00484,54321079,Cruz,Mía,1,D,tarde,True,,,,,,
2C-00485,40450387,Alonso,Martina,2,C,mañana,True,,,,,,
1A-00486,50682294,Romero,Nicolás,1,A,tarde,True,,,,,,
6A-00487,42444955,Gómez,Nicolás,6,A,mañana,True,,Sociales,,,,
5B-00488,51884350,Sánchez,Mateo,5,B,tarde,True,,Naturales,,,,
4A-00489,44341213,Alvarez,Mía,4,A,tarde,True,,Sociales,,,,
3A-00490,47168373,Cruz,Facundo,3,A,mañana,True,,,,,,
6A-00491,50157825,Díaz,Camila,6,A,mañana,True,,Naturales,,,,
1B-00492,52408219,García,Laura,1,B,tarde,True,,,,,,
3B-00493,41161790,Domínguez,Camila,3,B,mañana,True,,,,,,
5B-00494,44045739,Alonso,Diego,5,B,mañana,True,,Naturales,,,,
3B-00495,50827186,Vázquez,Facundo,3,B,tarde,True,,,,,,
2B-00496,57904031,Pérez,Laura,2,B,tarde,True,,,,,,
4D-00497,55921587,Rodríguez,Sofía,4,D,tarde,True,,Sociales,,,,
4C-00498,40870072,López,Martina,4,C,tarde,True,,Sociales,,,,
6B-00499,48454679,García,Laura,6,B,mañana,True,,Sociales,,,,
4A-00500,56206970,Alonso,Julieta,4,A,mañana,True,,Naturales,,,,
4B-00501,41571964,Alvarez,María,4,B,mañana,True,,Sociales,,,,
2D-00502,47868122,Alonso,Joaquín,2,D,tarde,True,,,,,,
5D-00503,45006898,García,Joaquín,5,D,tarde,True,,Sociales,,,,
6C-00504,48060075,González,Joaquín,6,C,tarde,True,,Sociales,,,,
6D-00505,57921299,López,Mateo,6,D,mañana,True,,Sociales,,,,
3A-00506,52211298,Cruz,Nicolás,3,A,mañana,True,,,,,,
6B-00507,42614648,Alonso,Luis,6,B,mañana,True,,Sociales,,,,
5A-00508,55899869,Rodríguez,Camila,5,A,tarde,True,,Sociales,,,,
2C-00509,56302307,Ramírez,Mía,2,C,mañana,True,,,,,,
4A-00510,44862480,Romero,Mía,4,A,tarde,True,,Sociales,,,,
4B-00511,49993004,García,Joaquín,4,B,tarde,True,,Sociales,,,,
1B-00512,45093289,Ruiz,Pedro,1,B,tarde,True,,,,,,
6C-00513,44098297,Alonso,Joaquín,6,C,tarde,True,,Naturales,,,,
1B-00514,51379224,González,Pedro,1,B,mañana,True,,,,,,
6A-00515,47439288,Fernández,Nicolás,6,A,tarde,True,,Sociales,,,,
4A-00516,40748801,Blanco,Lucas,4,A,tarde,True,,Naturales,,,,
3B-00517,49866334,Alonso,Joaquín,3,B,tarde,True,,,,,,
4C-00518,48310989,Alvarez,Martina,4,C,mañana,True,,Sociales,,,,
1A-00519,41471640,Domínguez,Lucía,1,A,tarde,True,,,,,,
1A-00520,51226928,Blanco,Martina,1,A,mañana,True,,,,,,
1B-00521,40462841,González,Valentina,1,B,mañana,True,,,,,,
1A-00522,47059230,Vázquez,Mía,1,A,tarde,True,,,,,,
3B-00523,58908730,Romero,Sofía,3,B,tarde,True,,,,,,
3B-00524,50668150,González,Joaquín,3,B,mañana,True,,,,,,
4B-00525,48619329,Alonso,María,4,B,tarde,True,,Naturales,,,,
1D-00526,42611292,Blanco,Diego,1,D,tarde,True,,,,,,
5D-00527,55586377,Domínguez,Nicolás,5,D,mañana,True,,Naturales,,,,
6D-00528,47255594,Vázquez,Nicolás,6,D,tarde,True,,Sociales,,,,
6C-00529,55009128,Vázquez,Mía,6,C,mañana,True,,Sociales,,,,
6C-00530,54855955,Vázquez,Laura,6,C,mañana,True,,Sociales,,,,
3D-00531,59776247,Vázquez,Lucía,3,D,tarde,True,,,,,,
3A-00532,58742279,Torres,Sofía,3,A,mañana,True,,,,,,
6B-00533,41294820,Torres,Martina,6,B,mañana,True,,Sociales,,,,
1C-00534,46635272,Sánchez,Valentina,1,C,mañana,True,,,,,,
2A-00535,49940334,Martínez,Valentina,2,A,mañana,True,,,,,,
5A-00536,49497316,Gómez,Martina,5,A,mañana,True,,Sociales,,,,
6A-00537,40859803,Gómez,Camila,6,A,tarde,True,,Sociales,,,,
3C-00538,51365286,López,Sofía,3,C,mañana,True,,,,,,
5C-00539,41472265,Gómez,Lucía,5,C,tarde,True,,Sociales,,,,
2D-00540,40977932,García,Sofía,2,D,tarde,True,,,,,,
4A-00541,53860386,Domínguez,Valentina,4,A,mañana,True,,Naturales,,,,
3C-00542,59539798,Torres,Facundo,3,C,tarde,True,,,,,,
5C-00543,51097642,Alvarez,Lucía,5,C,tarde,True,,Sociales,,,,
5A-00544,57095287,Ramírez,Martina,5,A,tarde,True,,Naturales,,,,
5A-00545,55340498,Torres,Luis,5,A,mañana,True,,Naturales,,,,
1C-00546,44056167,Torres,Martina,1,C,mañana,True,,,,,,
6C-00547,54889220,Ramírez,Mía,6,C,tarde,True,,Sociales,,,,
3C-00548,47649497,Ramírez,Camila,3,C,mañana,True,,,,,,
4A-00549,54490863,Fernández,Martina,4,A,tarde,True,,Naturales,,,,
3A-00550,54322383,Vázquez,Martina,3,A,mañana,True,,,,,,
2D-00551,49924685,Domínguez,Ana,2,D,tarde,True,,,,,,
6C-00552,56641010,López,Lucas,6,C,mañana,True,,Naturales,,,,
4D-00553,42950403,Cruz,Laura,4,D,mañana,True,,Naturales,,,,
2D-00554,53312217,Fernández,Facundo,2,D,tarde,True,,,,,,
3D-00555,41006868,Pérez,Mateo,3,D,mañana,True,,,,,,
1B-00556,46432048,Martínez,Facundo,1,B,tarde,True,,,,,,
5D-00557,50941417,Alonso,Facundo,5,D,mañana,True,,Sociales,,,,
3A-00558,50467496,Pérez,Valentina,3,A,tarde,True,,,,,,
3A-00559,41472137,Ruiz,Martina,3,A,tarde,True,,,,,,
6A-00560,57792254,López,Facundo,6,A,tarde,True,,Sociales,,,,
5D-00561,54214292,Gómez,Lucas,5,D,tarde,True,,Naturales,,,,
1B-00562,44219646,Domínguez,Mateo,1,B,tarde,True,,,,,,
5B-00563,54615458,Pérez,Martina,5,B,tarde,True,,Sociales,,,,
4D-00564,45521703,Rodríguez,Juan,4,D,tarde,True,,Sociales,,,,
4A-00565,46333193,Torres,Martina,4,A,tarde,True,,Sociales,,,,
5C-00566,59792193,Romero,Joaquín,5,C,mañana,True,,Naturales,,,,
2A-00567,59231812,Sánchez,Nicolás,2,A,tarde,True,,,,,,
1A-00568,40261478,Alonso,Lucía,1,A,mañana,True,,,,,,
2D-00569,46662107,Romero,Juan,2,D,mañana,True,,,,,,
2C-00570,43919857,Gómez,Sofía,2,C,mañana,True,,,,,,
1C-00571,40100758,Martínez,Martina,1,C,mañana,True,,,,,,
1A-00572,47795580,Blanco,Luis,1,A,tarde,True,,,,,,
5A-00573,44158577,Pérez,Pedro,5,A,mañana,True,,Naturales,,,,
1D-00574,41042017,Vázquez,Julieta,1,D,mañana,True,,,,,,
4B-00575,53350556,Martínez,Laura,4,B,mañana,True,,Sociales,,,,
1B-00576,40684786,Blanco,Pedro,1,B,mañana,True,,,,,,
1B-00577,57864438,Vázquez,Laura,1,B,mañana,True,,,,,,
4C-00578,46900122,Sánchez,Laura,4,C,mañana,True,,Sociales,,,,
4D-00579,40164018,Blanco,Mateo,4,D,mañana,True,,Sociales,,,,
6A-00580,53297498,Gómez,Laura,6,A,tarde,True,,Naturales,,,,
4D-00581,40870989,Sánchez,Joaquín,4,D,mañana,True,,Sociales,,,,
2B-00582,45518908,Martínez,Lucía,2,B,tarde,True,,,,,,
5B-00583,57530764,Rodríguez,María,5,B,tarde,True,,Naturales,,,,
1B-00584,49606181,Gómez,Facundo,1,B,mañana,True,,,,,,
2C-00585,53144588,Pérez,Camila,2,C,tarde,True,,,,,,
2B-00586,43522952,Domínguez,Ana,2,B,mañana,True,,,,,,
2B-00587,57898500,Blanco,Nicolás,2,B,mañana,True,,,,,,
6A-00588,44399939,Romero,Julieta,6,A,tarde,True,,Naturales,,,,
5A-00589,40911702,González,Facundo,5,A,tarde,True,,Naturales,,,,
6D-00590,44586785,Martínez,Carlos,6,D,mañana,True,,Naturales,,,,
1B-00591,40352035,Rodríguez,Camila,1,B,tarde,True,,,,,,
5A-00592,56823199,Domínguez,Ana,5,A,tarde,True,,Sociales,,,,
1A-00593,58644335,Díaz,Joaquín,1,A,tarde,True,,,,,,
1A-00594,44590402,Domínguez,Lucía,1,A,tarde,True,,,,,,
1A-00595,53157858,Cruz,Julieta,1,A,tarde,True,,,,,,
6D-00596,57861419,Blanco,Martina,6,D,tarde,True,,Naturales,,,,
1C-00597,54355669,Cruz,Luis,1,C,mañana,True,,,,,,
3D-00598,47735420,Romero,Luis,3,D,tarde,True,,,,,,
5A-00599,45355467,Pérez,Nicolás,5,A,mañana,True,,Naturales,,,,
2B-00600,50234953,Cruz,Ana,2,B,tarde,True,,,,,,
2D-00601,55581346,Cruz,Lucas,2,D,tarde,True,,,,,,
3A-00602,52941589,Martínez,Valentina,3,A,mañana,True,,,,,,
5B-00603,48144512,García,Martina,5,B,mañana,True,,Sociales,,,,
6A-00604,46539639,López,Laura,6,A,tarde,True,,Sociales,,,,
5B-00605,41549123,Alvarez,Sofía,5,B,tarde,True,,Naturales,,,,
4B-00606,45047318,Fernández,Facundo,4,B,tarde,True,,Sociales,,,,
5D-00607,52079058,Rodríguez,Laura,5,D,mañana,True,,Sociales,,,,
4B-00608,58964424,Fernández,Mateo,4,B,tarde,True,,Naturales,,,,
2A-00609,40850816,Alvarez,Lucía,2,A,tarde,True,,,,,,
2B-00610,40730644,Sánchez,Valentina,2,B,tarde,True,,,,,,
5A-00611,51045173,Blanco,Mía,5,A,mañana,True,,Naturales,,,,
6A-00612,46597096,Pérez,Sofía,6,A,mañana,True,,Naturales,,,,
5A-00613,57179724,Pérez,Facundo,5,A,tarde,True,,Sociales,,,,
6B-00614,47702087,Blanco,Carlos,6,B,tarde,True,,Naturales,,,,
4D-00615,57730168,Ramírez,Laura,4,D,tarde,True,,Naturales,,,,
3D-00616,45869047,Díaz,Pedro,3,D,tarde,True,,,,,,
6D-00617,50910313,Gómez,Mateo,6,D,tarde,True,,Naturales,,,,
5C-00618,58334533,García,Ana,5,C,mañana,True,,Naturales,,,,
2B-00619,57296905,Fernández,Nicolás,2,B,tarde,True,,,,,,
1B-00620,51071198,Alonso,Julieta,1,B,tarde,True,,,,,,
5B-00621,51332285,Alonso,Valentina,5,B,tarde,True,,Sociales,,,,
4C-00622,58376202,Rodríguez,Ana,4,C,mañana,True,,Sociales,,,,
3C-00623,42498729,Alvarez,Juan,3,C,tarde,True,,,,,,
3C-00624,59519653,Díaz,Camila,3,C,tarde,True,,,,,,
6D-00625,50350315,López,Valentina,6,D,mañana,True,,Naturales,,,,
4A-00626,40444293,Rodríguez,María,4,A,mañana,True,,Naturales,,,,
6C-00627,49329257,García,Facundo,6,C,tarde,True,,Sociales,,,,
4B-00628,54527509,Pérez,Laura,4,B,mañana,True,,Sociales,,,,
4A-00629,56431500,Rodríguez,Facundo,4,A,tarde,True,,Naturales,,,,
3D-00630,55978921,Rodríguez,Pedro,3,D,tarde,True,,,,,,
2D-00631,45572412,Sánchez,Pedro,2,D,tarde,True,,,,,,
6D-00632,56451838,Alonso,Pedro,6,D,tarde,True,,Sociales,,,,
4B-00633,46808036,Díaz,Joaquín,4,B,tarde,True,,Naturales,,,,
2A-00634,47549448,Romero,Joaquín,2,A,tarde,True,,,,,,
2B-00635,42563984,Martínez,Mía,2,B,tarde,True,,,,,,
5D-00636,42857622,Torres,Valentina,5,D,tarde,True,,Sociales,,,,
2C-00637,53876207,Fernández,Julieta,2,C,tarde,True,,,,,,
2D-00638,54904798,González,Joaquín,2,D,mañana,True,,,,,,
1C-00639,41208758,Ramírez,Facundo,1,C,mañana,True,,,,,,
4C-00640,56258203,González,Nicolás,4,C,tarde,True,,Naturales,,,,
5A-00641,54739598,Vázquez,Ana,5,A,mañana,True,,Naturales,,,,
1B-00642,43602227,Gómez,Julieta,1,B,tarde,True,,,,,,
1B-00643,54655560,Rodríguez,Julieta,1,B,tarde,True,,,,,,
3D-00644,50698519,Gómez,Nicolás,3,D,mañana,True,,,,,,
2C-00645,48267220,Fernández,Lucas,2,C,tarde,True,,,,,,
2D-00646,53683917,López,Sofía,2,D,mañana,True,,,,,,
5D-00647,51419901,Fernández,Mía,5,D,tarde,True,,Naturales,,,,
3B-00648,59336852,Domínguez,Nicolás,3,B,mañana,True,,,,,,
5A-00649,49037485,García,Julieta,5,A,mañana,True,,Sociales,,,,
5D-00650,48063577,Vázquez,Laura,5,D,mañana,True,,Sociales,,,,
2C-00651,43055462,Gómez,Juan,2,C,mañana,True,,,,,,
3A-00652,41130039,Blanco,Camila,3,A,tarde,True,,,,,,
4A-00653,41277089,Díaz,Mateo,4,A,tarde,True,,Naturales,,,,
5C-00654,52404225,Sánchez,Joaquín,5,C,tarde,True,,Naturales,,,,
2A-00655,40152673,Torres,Lucas,2,A,tarde,True,,,,,,
6A-00656,49903138,González,Camila,6,A,tarde,True,,Naturales,,,,
4D-00657,50865650,Sánchez,Lucía,4,D,tarde,True,,Sociales,,,,
4A-00658,56657550,Martínez,Martina,4,A,mañana,True,,Naturales,,,,
4D-00659,59922227,Blanco,Mía,4,D,tarde,True,,Naturales,,,,
5D-00660,59970886,Vázquez,Laura,5,D,mañana,True,,Sociales,,,,
6D-00661,48110902,López,Pedro,6,D,tarde,True,,Naturales,,,,
2A-00662,44599773,García,Luis,2,A,tarde,True,,,,,,
5C-00663,47615580,Martínez,Lucía,5,C,mañana,True,,Sociales,,,,
4D-00664,44450029,Ruiz,Diego,4,D,mañana,True,,Naturales,,,,
6B-00665,43101420,Torres,Diego,6,B,tarde,True,,Naturales,,,,
1A-00666,54877994,Torres,Juan,1,A,mañana,True,,,,,,
4C-00667,40898375,Rodríguez,Ana,4,C,mañana,True,,Naturales,,,,
6B-00668,46420087,Vázquez,Facundo,6,B,mañana,True,,Naturales,,,,
6B-00669,46172729,Ruiz,Nicolás,6,B,mañana,True,,Sociales,,,,
6B-00670,57536122,Torres,Facundo,6,B,mañana,True,,Naturales,,,,
4B-00671,58401878,Vázquez,Diego,4,B,tarde,True,,Naturales,,,,
2C-00672,55114709,Ramírez,Juan,2,C,tarde,True,,,,,,
2C-00673,40964554,Blanco,Luis,2,C,mañana,True,,,,,,
4A-00674,57008773,Cruz,Sofía,4,A,tarde,True,,Sociales,,,,
4C-00675,46574837,Pérez,Nicolás,4,C,mañana,True,,Sociales,,,,
2B-00676,50957874,Ramírez,Mía,2,B,tarde,True,,,,,,
6C-00677,53532001,Romero,Juan,6,C,tarde,True,,Sociales,,,,
4B-00678,44767168,Romero,Lucía,4,B,mañana,True,,Naturales,,,,
5B-00679,47178911,Sánchez,Lucía,5,B,tarde,True,,Sociales,,,,
6A-00680,58111659,Alonso,Carlos,6,A,tarde,True,,Naturales,,,,
4A-00681,53943668,Martínez,Julieta,4,A,mañana,True,,Naturales,,,,
5A-00682,40212495,García,Martina,5,A,mañana,True,,Naturales,,,,
1D-00683,48421514,Rodríguez,Pedro,1,D,mañana,True,,,,,,
5C-00684,50330782,Romero,Joaquín,5,C,mañana,True,,Naturales,,,,
6B-00685,47279904,Vázquez,Pedro,6,B,tarde,True,,Sociales,,,,
4C-00686,45007564,Gómez,Mateo,4,C,mañana,True,,Naturales,,,,
4A-00687,52425382,Domínguez,Valentina,4,A,mañana,True,,Sociales,,,,
4D-00688,59633393,Romero,Ana,4,D,tarde,True,,Naturales,,,,
3A-00689,50931715,García,Nicolás,3,A,mañana,True,,,,,,
5D-00690,43786970,Martínez,Sofía,5,D,tarde,True,,Naturales,,,,
3D-00691,48805103,Torres,Laura,3,D,mañana,True,,,,,,
5C-00692,49177370,Vázquez,Julieta,5,C,mañana,True,,Sociales,,,,
6C-00693,50996327,Ruiz,Julieta,6,C,mañana,True,,Sociales,,,,
2C-00694,50388162,Alonso,Facundo,2,C,mañana,True,,,,,,
3A-00695,43882498,Domínguez,Martina,3,A,mañana,True,,,,,,
3D-00696,46572220,Martínez,Carlos,3,D,mañana,True,,,,,,
6A-00697,59478520,González,Diego,6,A,mañana,True,,Naturales,,,,
3B-00698,49521735,Torres,Diego,3,B,tarde,True,,,,,,
4A-00699,45318832,Alvarez,Sofía,4,A,tarde,True,,Naturales,,,,
1B-00700,59132898,Pérez,Ana,1,B,mañana,True,,,,,,
4A-00701,59131824,García,Julieta,4,A,tarde,True,,Naturales,,,,
1C-00702,40672669,Vázquez,Facundo,1,C,mañana,True,,,,,,
3C-00703,55057785,Pérez,Juan,3,C,mañana,True,,,,,,
2B-00704,49053545,Cruz,María,2,B,mañana,True,,,,,,
5D-00705,44251729,Martínez,Juan,5,D,tarde,True,,Sociales,,,,
2C-00706,47670368,Torres,Facundo,2,C,mañana,True,,,,,,
1D-00707,48443024,Díaz,Lucas,1,D,mañana,True,,,,,,
2A-00708,48470112,Alonso,Pedro,2,A,tarde,True,,,,,,
3C-00709,49032569,Alonso,Mateo,3,C,mañana,True,,,,,,
3A-00710,44475717,Díaz,Mía,3,A,tarde,True,,,,,,
1D-00711,42478632,Blanco,Camila,1,D,mañana,True,,,,,,
4B-00712,59017076,Ruiz,Valentina,4,B,tarde,True,,Sociales,,,,
6B-00713,50307526,Rodríguez,Lucía,6,B,mañana,True,,Sociales,,,,
3D-00714,55124324,Gómez,Pedro,3,D,mañana,True,,,,,,
6B-00715,58654648,Cruz,Facundo,6,B,tarde,True,,Sociales,,,,
6C-00716,41303336,Martínez,Luis,6,C,tarde,True,,Sociales,,,,
3D-00717,43038185,Sánchez,Joaquín,3,D,tarde,True,,,,,,
2C-00718,44316082,Vázquez,Lucía,2,C,tarde,True,,,,,,
4B-00719,59621120,Cruz,Diego,4,B,tarde,True,,Sociales,,,,
3C-00720,55873886,Martínez,Diego,3,C,tarde,True,,,,,,
4C-00721,42163948,Romero,Joaquín,4,C,tarde,True,,Sociales,,,,
5A-00722,44787538,Torres,Nicolás,5,A,mañana,True,,Sociales,,,,
1D-00723,40528397,Cruz,Luis,1,D,tarde,True,,,,,,
2A-00724,54221396,Fernández,Carlos,2,A,tarde,True,,,,,,
1A-00725,54088330,Díaz,Sofía,1,A,mañana,True,,,,,,
2B-00726,53190629,Cruz,Carlos,2,B,tarde,True,,,,,,
3A-00727,58086033,Ramírez,Facundo,3,A,tarde,True,,,,,,
6D-00728,41485030,Cruz,Pedro,6,D,mañana,True,,Naturales,,,,
3B-00729,54117467,López,Sofía,3,B,mañana,True,,,,,,
2A-00730,49176972,Alonso,Mía,2,A,mañana,True,,,,,,
4A-00731,47186125,Martínez,Ana,4,A,mañana,True,,Naturales,,,,
2D-00732,46863723,Sánchez,Ana,2,D,mañana,True,,,,,,
6B-00733,41926604,Gómez,Mateo,6,B,mañana,True,,Naturales,,,,
6C-00734,47470298,García,Diego,6,C,tarde,True,,Naturales,,,,
6B-00735,41310334,Cruz,Juan,6,B,mañana,True,,Naturales,,,,
6D-00736,55227030,Blanco,Valentina,6,D,tarde,True,,Naturales,,,,
3D-00737,55415980,Martínez,Pedro,3,D,tarde,True,,,,,,
5B-00738,57983947,Alonso,Valentina,5,B,tarde,True,,Sociales,,,,
3A-00739,51958012,Alvarez,Pedro,3,A,tarde,True,,,,,,
6C-00740,56197911,Torres,Lucía,6,C,tarde,True,,Naturales,,,,
1B-00741,44005393,Ramírez,Sofía,1,B,tarde,True,,,,,,
4D-00742,50652741,Vázquez,Martina,4,D,tarde,True,,Sociales,,,,
3A-00743,45688774,Domínguez,Ana,3,A,tarde,True,,,,,,
4D-00744,44088704,Gómez,Valentina,4,D,tarde,True,,Naturales,,,,
4B-00745,51155041,Romero,Luis,4,B,mañana,True,,Naturales,,,,
4B-00746,42966680,Ruiz,Luis,4,B,mañana,True,,Sociales,,,,
4D-00747,58497293,Martínez,María,4,D,mañana,True,,Naturales,,,,
6A-00748,45024952,Torres,Pedro,6,A,tarde,True,,Naturales,,,,
6D-00749,42064111,Pérez,Ana,6,D,tarde,True,,Naturales,,,,
3D-00750,46525596,Alvarez,Camila,3,D,mañana,True,,,,,,
6C-00751,52410666,Sánchez,Sofía,6,C,tarde,True,,Naturales,,,,
1C-00752,58857902,Romero,Mía,1,C,mañana,True,,,,,,
4B-00753,45584926,López,Diego,4,B,mañana,True,,Naturales,,,,
5A-00754,54997942,Fernández,Camila,5,A,tarde,True,,Naturales,,,,
6C-00755,57064480,Pérez,Mateo,6,C,mañana,True,,Sociales,,,,
4A-00756,46427549,Vázquez,Mía,4,A,tarde,True,,Naturales,,,,
2A-00757,59852150,Blanco,Sofía,2,A,mañana,True,,,,,,
6C-00758,46768799,Ramírez,Valentina,6,C,tarde,True,,Sociales,,,,
5B-00759,54516399,Blanco,Juan,5,B,tarde,True,,Naturales,,,,
1B-00760,56572118,Ruiz,Facundo,1,B,tarde,True,,,,,,
4A-00761,48204549,Alvarez,María,4,A,tarde,True,,Naturales,,,,
2D-00762,48054856,Sánchez,Julieta,2,D,mañana,True,,,,,,
3D-00763,50797955,Martínez,Sofía,3,D,mañana,True,,,,,,
2B-00764,43625404,García,Mía,2,B,tarde,True,,,,,,
6C-00765,41942281,Rodríguez,Joaquín,6,C,mañana,True,,Sociales,,,,
5C-00766,44907416,López,Lucía,5,C,tarde,True,,Sociales,,,,
4D-00767,48112773,Fernández,Sofía,4,D,tarde,True,,Sociales,,,,
3C-00768,57304899,López,Diego,3,C,mañana,True,,,,,,
3C-00769,51169345,Alonso,Valentina,3,C,tarde,True,,,,,,
1B-00770,56666799,Alvarez,Diego,1,B,tarde,True,,,,,,
2A-00771,52550180,López,María,2,A,tarde,True,,,,,,
5B-00772,49507349,Alvarez,Mía,5,B,tarde,True,,Sociales,,,,
1A-00773,57900032,Vázquez,Nicolás,1,A,tarde,True,,,,,,
1A-00774,45223768,Vázquez,Sofía,1,A,tarde,True,,,,,,
3A-00775,47021073,Ruiz,Martina,3,A,mañana,True,,,,,,
3C-00776,53384866,Romero,Laura,3,C,tarde,True,,,,,,
3D-00777,51371096,Sánchez,Luis,3,D,tarde,True,,,,,,
5C-00778,54571836,Pérez,Laura,5,C,tarde,True,,Naturales,,,,
2D-00779,46921058,Fernández,Joaquín,2,D,tarde,True,,,,,,
1A-00780,43624152,Romero,Lucas,1,A,tarde,True,,,,,,
4C-00781,49217332,Gómez,Ana,4,C,mañana,True,,Naturales,,,,
2C-00782,58794614,Ramírez,Diego,2,C,tarde,True,,,,,,
1A-00783,46967692,Fernández,Joaquín,1,A,tarde,True,,,,,,
2D-00784,57358758,Torres,Mía,2,D,tarde,True,,,,,,
2A-00785,58989968,Cruz,Ana,2,A,mañana,True,,,,,,
3D-00786,48450203,Romero,Valentina,3,D,tarde,True,,,,,,
6B-00787,58903625,Romero,Julieta,6,B,tarde,True,,Sociales,,,,
5A-00788,58380232,Vázquez,Mateo,5,A,tarde,True,,Sociales,,,,
6A-00789,52241474,González,Luis,6,A,mañana,True,,Sociales,,,,
6C-00790,49249273,Romero,Juan,6,C,tarde,True,,Naturales,,,,
3D-00791,58575532,García,Mía,3,D,tarde,True,,,,,,
3D-00792,59163369,Domínguez,Lucas,3,D,tarde,True,,,,,,
6D-00793,41287980,Ramírez,Lucía,6,D,mañana,True,,Sociales,,,,
3B-00794,41961048,Torres,Laura,3,B,tarde,True,,,,,,
2A-00795,43121458,Torres,Juan,2,A,tarde,True,,,,,,
5B-00796,47022756,Blanco,Luis,5,B,tarde,True,,Sociales,,,,
2D-00797,56609450,Alvarez,Mateo,2,D,mañana,True,,,,,,
3B-00798,42780338,Vázquez,Facundo,3,B,tarde,True,,,,,,
4A-00799,59759153,González,Nicolás,4,A,mañana,True,,Sociales,,,,
4B-00800,40776263,Vázquez,Mía,4,B,tarde,True,,Sociales,,,,
3B-00801,58570947,Vázquez,Facundo,3,B,tarde,True,,,,,,
6D-00802,49498541,Pérez,Camila,6,D,tarde,True,,Sociales,,,,
6C-00803,42921033,Sánchez,Pedro,6,C,mañana,True,,Naturales,,,,
3D-00804,56611984,Martínez,Joaquín,3,D,tarde,True,,,,,,
4A-00805,55456333,Domínguez,Mía,4,A,mañana,True,,Naturales,,,,
6B-00806,41626295,Torres,Mateo,6,B,mañana,True,,Naturales,,,,
2A-00807,47636882,Blanco,Diego,2,A,tarde,True,,,,,,
5C-00808,42038496,Cruz,Joaquín,5,C,tarde,True,,Sociales,,,,
3C-00809,50425754,Fernández,Martina,3,C,tarde,True,,,,,,
5C-00810,44164565,Martínez,Mía,5,C,tarde,True,,Naturales,,,,
6A-00811,49391652,Fernández,Valentina,6,A,tarde,True,,Sociales,,,,
2B-00812,40464874,Pérez,Camila,2,B,mañana,True,,,,,,
5B-00813,43123556,Sánchez,Julieta,5,B,mañana,True,,Naturales,,,,
3C-00814,49750699,Ramírez,Juan,3,C,mañana,True,,,,,,
1A-00815,56403145,González,Luis,1,A,mañana,True,,,,,,
2C-00816,51524863,Martínez,Lucas,2,C,tarde,True,,,,,,
2D-00817,44912040,López,Lucas,2,D,tarde,True,,,,,,
5B-00818,44186759,Vázquez,Mía,5,B,mañana,True,,Sociales,,,,
1C-00819,52689602,Sánchez,María,1,C,mañana,True,,,,,,
5D-00820,48013214,Domínguez,Lucas,5,D,mañana,True,,Naturales,,,,
3D-00821,55739248,Martínez,María,3,D,tarde,True,,,,,,
3C-00822,40314968,Vázquez,Carlos,3,C,tarde,True,,,,,,
5A-00823,56701706,Ruiz,Ana,5,A,mañana,True,,Sociales,,,,
1C-00824,49675760,García,Julieta,1,C,mañana,True,,,,,,
4A-00825,48587848,González,Joaquín,4,A,mañana,True,,Sociales,,,,
1C-00826,48809357,Sánchez,María,1,C,mañana,True,,,,,,
5A-00827,59147066,Martínez,Laura,5,A,mañana,True,,Sociales,,,,
4A-00828,42527199,Cruz,Camila,4,A,mañana,True,,Sociales,,,,
2A-00829,43650962,Fernández,Mía,2,A,tarde,True,,,,,,
1D-00830,55615343,Blanco,Martina,1,D,mañana,True,,,,,,
4A-00831,58333153,Ramírez,Joaquín,4,A,tarde,True,,Naturales,,,,
1B-00832,53351744,López,Ana,1,B,tarde,True,,,,,,
1A-00833,45843144,Fernández,Joaquín,1,A,tarde,True,,,,,,
2B-00834,42834968,Alonso,Pedro,2,B,tarde,True,,,,,,
2A-00835,52785679,Vázquez,Juan,2,A,tarde,True,,,,,,
1C-00836,42476996,Alonso,Mateo,1,C,mañana,True,,,,,,
6B-00837,44610508,Pérez,Luis,6,B,tarde,True,,Naturales,,,,
3C-00838,48357103,Sánchez,Facundo,3,C,mañana,True,,,,,,
3A-00839,56499949,García,Pedro,3,A,mañana,True,,,,,,
1B-00840,57694776,Blanco,María,1,B,mañana,True,,,,,,
5A-00841,46258396,Ruiz,Facundo,5,A,tarde,True,,Naturales,,,,
3C-00842,40070841,García,Mía,3,C,mañana,True,,,,,,
2B-00843,47591437,Ruiz,Sofía,2,B,tarde,True,,,,,,
6C-00844,56953799,Vázquez,Valentina,6,C,tarde,True,,Naturales,,,,
4B-00845,52014563,López,Julieta,4,B,mañana,True,,Sociales,,,,
1C-00846,50233797,Romero,Luis,1,C,mañana,True,,,,,,
1A-00847,48452569,Pérez,Diego,1,A,tarde,True,,,,,,
4C-00848,51398032,López,Nicolás,4,C,mañana,True,,Sociales,,,,
5C-00849,50828405,Díaz,Nicolás,5,C,tarde,True,,Sociales,,,,
3D-00850,57004632,Rodríguez,Facundo,3,D,mañana,True,,,,,,
4B-00851,45700696,Alvarez,Martina,4,B,mañana,True,,Naturales,,,,
2D-00852,49688356,Blanco,Nicolás,2,D,tarde,True,,,,,,
1C-00853,58426907,Pérez,Laura,1,C,tarde,True,,,,,,
5C-00854,40692570,Alonso,Martina,5,C,tarde,True,,Sociales,,,,
3C-00855,50579078,García,Camila,3,C,tarde,True,,,,,,
2A-00856,50376907,García,Sofía,2,A,mañana,True,,,,,,
3B-00857,42623758,Cruz,Nicolás,3,B,tarde,True,,,,,,
2A-00858,58633524,Rodríguez,Julieta,2,A,mañana,True,,,,,,
2C-00859,48981782,Cruz,Martina,2,C,mañana,True,,,,,,
5D-00860,49211003,González,Valentina,5,D,mañana,True,,Naturales,,,,
2A-00861,45922896,Ruiz,María,2,A,mañana,True,,,,,,
6D-00862,48888247,Gómez,Laura,6,D,mañana,True,,Sociales,,,,
6D-00863,45751045,Torres,Camila,6,D,mañana,True,,Sociales,,,,
3B-00864,56756038,Gómez,Julieta,3,B,tarde,True,,,,,,
4B-00865,43761572,Martínez,Facundo,4,B,tarde,True,,Naturales,,,,
3B-00866,59831895,Cruz,Diego,3,B,tarde,True,,,,,,
3C-00867,44535194,Torres,Diego,3,C,tarde,True,,,,,,
3A-00868,50549495,Alonso,Ana,3,A,mañana,True,,,,,,
4C-00869,58604921,Alonso,Mía,4,C,mañana,True,,Sociales,,,,
2C-00870,45836951,Vázquez,Lucía,2,C,tarde,True,,,,,,
4A-00871,45576526,Díaz,Juan,4,A,mañana,True,,Sociales,,,,
1A-00872,41365544,Vázquez,Pedro,1,A,mañana,True,,,,,,
6B-00873,43262395,Vázquez,Camila,6,B,mañana,True,,Naturales,,,,
5A-00874,59051414,Vázquez,Carlos,5,A,mañana,True,,Sociales,,,,
1B-00875,45436115,Sánchez,Juan,1,B,mañana,True,,,,,,
4C-00876,54162329,Torres,Joaquín,4,C,mañana,True,,Sociales,,,,
6A-00877,47228931,Gómez,Diego,6,A,mañana,True,,Sociales,,,,
2B-00878,47931481,Martínez,Valentina,2,B,tarde,True,,,,,,
6B-00879,43614737,Vázquez,Facundo,6,B,tarde,True,,Naturales,,,,
3B-00880,57347378,García,Sofía,3,B,mañana,True,,,,,,
4A-00881,44651218,Blanco,Martina,4,A,mañana,True,,Sociales,,,,
5C-00882,57977891,Díaz,Camila,5,C,tarde,True,,Naturales,,,,
5C-00883,43536311,Rodríguez,Sofía,5,C,mañana,True,,Naturales,,,,
4C-00884,57457882,López,Luis,4,C,tarde,True,,Sociales,,,,
4D-00885,48332427,Gómez,Julieta,4,D,mañana,True,,Naturales,,,,
4C-00886,53880682,Rodríguez,Valentina,4,C,mañana,True,,Sociales,,,,
6D-00887,54407639,Pérez,Sofía,6,D,tarde,True,,Naturales,,,,
2C-00888,51489968,Sánchez,Ana,2,C,tarde,True,,,,,,
5D-00889,58984187,Ramírez,Juan,5,D,mañana,True,,Sociales,,,,
4B-00890,43632829,Ramírez,Nicolás,4,B,tarde,True,,Naturales,,,,
6B-00891,50655100,Domínguez,Mía,6,B,tarde,True,,Naturales,,,,
1B-00892,59716317,Romero,Martina,1,B,mañana,True,,,,,,
3B-00893,47480075,Ramírez,Lucas,3,B,tarde,True,,,,,,
3C-00894,53963353,Gómez,Luis,3,C,mañana,True,,,,,,
5A-00895,52783040,Vázquez,Juan,5,A,mañana,True,,Sociales,,,,
5D-00896,51661210,González,Carlos,5,D,mañana,True,,Naturales,,,,
5C-00897,55956493,Domínguez,Diego,5,C,mañana,True,,Naturales,,,,
5C-00898,47774282,Alvarez,Mateo,5,C,mañana,True,,Sociales,,,,
3C-00899,56562638,Rodríguez,Valentina,3,C,tarde,True,,,,,,
6D-00900,42134287,Ruiz,Luis,6,D,tarde,True,,Sociales,,,,
4A-00901,42074813,Vázquez,Mía,4,A,mañana,True,,Sociales,,,,
3C-00902,57919660,Cruz,Diego,3,C,mañana,True,,,,,,
1A-00903,54379740,Rodríguez,Lucía,1,A,tarde,True,,,,,,
1C-00904,40095153,Pérez,Mía,1,C,mañana,True,,,,,,
1A-00905,56495175,Ruiz,Lucía,1,A,tarde,True,,,,,,
4B-00906,48516869,Domínguez,Mía,4,B,mañana,True,,Sociales,,,,
6C-00907,56395094,Cruz,Ana,6,C,mañana,True,,Naturales,,,,
3A-00908,55041277,López,Mía,3,A,mañana,True,,,,,,
3C-00909,49118713,López,Pedro,3,C,mañana,True,,,,,,
4D-00910,48169685,Domínguez,Ana,4,D,mañana,True,,Naturales,,,,
4B-00911,59634388,Domínguez,Sofía,4,B,mañana,True,,Naturales,,,,
4B-00912,41256718,Cruz,Valentina,4,B,tarde,True,,Naturales,,,,
4C-00913,52647742,Torres,Martina,4,C,mañana,True,,Naturales,,,,
6B-00914,53796046,López,Laura,6,B,tarde,True,,Sociales,,,,
1A-00915,55715701,Pérez,Lucía,1,A,mañana,True,,,,,,
5D-00916,47562394,Blanco,Sofía,5,D,mañana,True,,Sociales,,,,
4D-00917,59602332,Cruz,Laura,4,D,tarde,True,,Naturales,,,,
1C-00918,49576767,Vázquez,Diego,1,C,mañana,True,,,,,,
3B-00919,59677004,Pérez,Carlos,3,B,mañana,True,,,,,,
1D-00920,46328915,Vázquez,Mateo,1,D,tarde,True,,,,,,
3D-00921,40604350,Gómez,Mía,3,D,tarde,True,,,,,,
4B-00922,48326800,Romero,Mía,4,B,mañana,True,,Sociales,,,,
6D-00923,45918096,Romero,Laura,6,D,tarde,True,,Naturales,,,,
6A-00924,44914022,Rodríguez,María,6,A,tarde,True,,Sociales,,,,
4D-00925,49058052,Gómez,María,4,D,mañana,True,,Sociales,,,,
4B-00926,44071432,Martínez,Ana,4,B,mañana,True,,Naturales,,,,
2D-00927,40451542,Ramírez,Pedro,2,D,mañana,True,,,,,,
6B-00928,51217244,García,Ana,6,B,tarde,True,,Sociales,,,,
4C-00929,42383058,Blanco,Carlos,4,C,mañana,True,,Naturales,,,,
5B-00930,42748536,Alvarez,Lucía,5,B,mañana,True,,Naturales,,,,
5D-00931,40961181,Alvarez,Carlos,5,D,tarde,True,,Naturales,,,,
5D-00932,49661847,Domínguez,Juan,5,D,tarde,True,,Sociales,,,,
5C-00933,53926477,Blanco,Mateo,5,C,mañana,True,,Naturales,,,,
2B-00934,52880914,Cruz,Lucas,2,B,tarde,True,,,,,,
4B-00935,44763564,Rodríguez,María,4,B,mañana,True,,Sociales,,,,
4B-00936,52206141,Pérez,Nicolás,4,B,tarde,True,,Sociales,,,,
5C-00937,56028806,Domínguez,Laura,5,C,tarde,True,,Naturales,,,,
6D-00938,55241677,Pérez,Joaquín,6,D,mañana,True,,Sociales,,,,
6C-00939,55587937,Martínez,Lucía,6,C,mañana,True,,Sociales,,,,
2C-00940,56624381,Rodríguez,Diego,2,C,mañana,True,,,,,,
5A-00941,42763561,Torres,Mateo,5,A,mañana,True,,Naturales,,,,
6B-00942,43859291,Torres,Martina,6,B,mañana,True,,Sociales,,,,
6D-00943,47150336,Pérez,Julieta,6,D,mañana,True,,Naturales,,,,
1A-00944,54804058,Torres,Nicolás,1,A,tarde,True,,,,,,
5A-00945,53721575,González,Mateo,5,A,tarde,True,,Sociales,,,,
3B-00946,46925851,García,Valentina,3,B,mañana,True,,,,,,
5B-00947,40782362,Cruz,Laura,5,B,tarde,True,,Sociales,,,,
6B-00948,40609613,Romero,Lucas,6,B,tarde,True,,Sociales,,,,
2A-00949,49424021,Blanco,Carlos,2,A,tarde,True,,,,,,
4B-00950,59561421,Rodríguez,Juan,4,B,tarde,True,,Naturales,,,,
1B-00951,45113408,Vázquez,Martina,1,B,mañana,True,,,,,,
5C-00952,55377064,González,Laura,5,C,tarde,True,,Sociales,,,,
4D-00953,42176967,Pérez,Lucía,4,D,mañana,True,,Sociales,,,,
3D-00954,55473619,Alonso,Valentina,3,D,tarde,True,,,,,,
2A-00955,40331610,Alonso,Lucía,2,A,tarde,True,,,,,,
3D-00956,54843558,García,Facundo,3,D,mañana,True,,,,,,
2D-00957,52602776,Alvarez,María,2,D,tarde,True,,,,,,
6D-00958,50759244,Blanco,Martina,6,D,mañana,True,,Naturales,,,,
2D-00959,49811581,Ramírez,María,2,D,mañana,True,,,,,,
5C-00960,55923044,García,Lucía,5,C,tarde,True,,Sociales,,,,
1A-00961,56154138,Gómez,Lucía,1,A,mañana,True,,,,,,
4D-00962,43892587,Díaz,Facundo,4,D,mañana,True,,Sociales,,,,
3B-00963,55289483,González,María,3,B,tarde,True,,,,,,
5A-00964,53712579,González,Mateo,5,A,mañana,True,,Naturales,,,,
1B-00965,46550396,Alonso,Lucía,1,B,tarde,True,,,,,,
4D-00966,42169058,Gómez,Camila,4,D,mañana,True,,Naturales,,,,
3A-00967,47647167,Cruz,Laura,3,A,mañana,True,,,,,,
3A-00968,57807260,Fernández,Nicolás,3,A,tarde,True,,,,,,
5C-00969,42117903,Alonso,Nicolás,5,C,tarde,True,,Sociales,,,,
1A-00970,58946189,Vázquez,Martina,1,A,mañana,True,,,,,,
6A-00971,58038024,Romero,Nicolás,6,A,tarde,True,,Sociales,,,,
5A-00972,46509054,Sánchez,Sofía,5,A,tarde,True,,Sociales,,,,
3D-00973,54077981,Vázquez,Martina,3,D,mañana,True,,,,,,
3A-00974,52943249,Rodríguez,Luis,3,A,mañana,True,,,,,,
5D-00975,54519394,Fernández,Sofía,5,D,mañana,True,,Naturales,,,,
5A-00976,55568634,Vázquez,Luis,5,A,mañana,True,,Sociales,,,,
3A-00977,52280385,Pérez,Mía,3,A,tarde,True,,,,,,
3C-00978,41386981,Torres,Diego,3,C,mañana,True,,,,,,
3C-00979,58899566,Fernández,Martina,3,C,tarde,True,,,,,,
5B-00980,57646394,Romero,Joaquín,5,B,mañana,True,,Sociales,,,,
5B-00981,50985819,Vázquez,Laura,5,B,mañana,True,,Naturales,,,,
5C-00982,52409097,Pérez,Nicolás,5,C,mañana,True,,Naturales,,,,
5C-00983,58530058,Díaz,Valentina,5,C,tarde,True,,Sociales,,,,
5B-00984,58453859,Rodríguez,Nicolás,5,B,tarde,True,,Naturales,,,,
2C-00985,58411427,Domínguez,Facundo,2,C,mañana,True,,,,,,
5A-00986,50680894,Pérez,Valentina,5,A,mañana,True,,Naturales,,,,
1D-00987,51609294,Ruiz,Laura,1,D,tarde,True,,,,,,
4B-00988,50260799,Rodríguez,Juan,4,B,tarde,True,,Naturales,,,,
2D-00989,54525665,Rodríguez,Pedro,2,D,tarde,True,,,,,,
6D-00990,46956897,Martínez,Carlos,6,D,tarde,True,,Naturales,,,,
5A-00991,58333595,Cruz,Martina,5,A,mañana,True,,Sociales,,,,
1A-00992,46472951,Vázquez,Laura,1,A,mañana,True,,,,,,
3D-00993,53098755,Martínez,Lucas,3,D,mañana,True,,,,,,
1C-00994,46439345,Ramírez,Lucía,1,C,mañana,True,,,,,,
5D-00995,47020501,Gómez,Juan,5,D,mañana,True,,Naturales,,,,
4D-00996,50224622,Rodríguez,Lucas,4,D,mañana,True,,Sociales,,,,
1D-00997,57634982,Alonso,Pedro,1,D,tarde,True,,,,,,
3D-00998,48433480,Romero,Ana,3,D,mañana,True,,,,,,
3C-00999,40459974,Rodríguez,Carlos,3,C,mañana,True,,,,,,
2B-01000,50557954,García,Mateo,2,B,mañana,True,,,,,,
